date;amount;description;currency
2026-07-01;-1100,00;PRZELEW CZYNSZ POKOJ;PLN
2026-07-01;900,00;PRZELEW PRZYCHODZACY KIESZONKOWE;PLN
2026-07-01;-21,93;BLIK PRZELEW NA TELEFON;PLN
2026-07-01;-112,96;LIDL POLSKA 0471 KRAKOW;PLN
2026-07-01;-28,44;BOLT.EU/O/1644;PLN
2026-07-02;-52,31;BLIK 9840479 PYSZNE.PL;PLN
2026-07-03;-3,99;APPLE.COM/BILL ICLOUD;PLN
2026-07-03;-22,09;ZABKA Z5697 K.1 KRAKOW;PLN
2026-07-04;-34,98;BOLT.EU/O/6951;PLN
2026-07-04;-3,94;JAKDOJADE.PL BILET;PLN
2026-07-05;-137,69;LIDL POLSKA 9461 KRAKOW;PLN
2026-07-06;-23,99;SPOTIFY PQ7L3R1Q2C6 STOCKHOLM;PLN
2026-07-06;-30,52;BOLT.EU/O/7872;PLN
2026-07-06;-5,16;JAKDOJADE.PL BILET;PLN
2026-07-07;-21,06;BOLT.EU/O/9815;PLN
2026-07-08;-30,84;MCDONALDS 2773 KRAKOW;PLN
2026-07-08;-53,39;BLIK PRZELEW NA TELEFON;PLN
2026-07-09;-22,28;MCDONALDS 7685 KRAKOW;PLN
2026-07-10;1650,00;PRZELEW PRZYCHODZACY STYPENDIUM SOCJALNE;PLN
2026-07-10;-19,78;APTEKA GEMINI KRAKOW;PLN
2026-07-10;-7,34;ZABKA Z1890 K.1 KRAKOW;PLN
2026-07-11;-120,69;BIEDRONKA 1893 KRAKOW;PLN
2026-07-11;-28,83;ZABKA Z2294 K.1 KRAKOW;PLN
2026-07-12;-18,82;ROSSMANN 557 KRAKOW;PLN
2026-07-14;-23,99;GOOGLE *YOUTUBE MUSIC G.CO/HELPPAY#;PLN
2026-07-14;-29,84;ZABKA Z4869 K.1 KRAKOW;PLN
2026-07-15;-17,82;ZABKA Z3851 K.1 KRAKOW;PLN
2026-07-15;-21,92;ZABKA Z6741 K.1 KRAKOW;PLN
2026-07-16;-33,66;ZABKA Z4551 K.1 KRAKOW;PLN
2026-07-17;-34,25;BLIK 5609963 PYSZNE.PL;PLN
2026-07-17;-67,34;LIDL POLSKA 1960 KRAKOW;PLN
2026-07-18;-70,75;BLIK PRZELEW NA TELEFON;PLN
2026-07-19;-83,27;LIDL POLSKA 0481 KRAKOW;PLN
2026-07-20;-33,00;NETFLIX.COM AMSTERDAM;PLN
2026-07-20;-34,72;WOLT.COM/148343 KRAKOW;PLN
2026-07-20;-15,25;BIEDRONKA 9676 KRAKOW;PLN
2026-07-21;-19,28;BOLT.EU/O/3421;PLN
2026-07-22;-113,16;STEAMGAMES.COM 4218145644;PLN
2026-07-22;-161,14;LIDL POLSKA 4949 KRAKOW;PLN
2026-07-23;-51,51;WOLT.COM/042671 KRAKOW;PLN
2026-07-23;-31,04;ZABKA Z1394 K.1 KRAKOW;PLN
2026-07-24;-99,24;BIEDRONKA 9616 KRAKOW;PLN
2026-07-24;-129,03;BIEDRONKA 4213 KRAKOW;PLN
2026-07-24;-67,47;LIDL POLSKA 9284 KRAKOW;PLN
2026-07-25;-44,37;GLOVO*ORDER 812547 KRAKOW;PLN
2026-07-25;-20,78;ZABKA Z4259 K.1 KRAKOW;PLN
2026-07-26;-41,61;MCDONALDS 0880 KRAKOW;PLN
2026-07-26;-40,39;UBER *TRIP HELP.UBER.COM;PLN
2026-07-27;-6,22;ZABKA Z2481 K.1 KRAKOW;PLN
2026-07-27;-45,26;WOLT.COM/849434 KRAKOW;PLN
2026-07-28;-26,39;ZABKA Z8029 K.1 KRAKOW;PLN
2026-07-28;-41,54;PHU POLMAX 4850 KRAKOW;PLN
2026-07-29;-42,92;PHU POLMAX 4071 KRAKOW;PLN
2026-07-31;-159,25;BIEDRONKA 9091 KRAKOW;PLN
2026-08-01;-1100,00;PRZELEW CZYNSZ POKOJ;PLN
2026-08-01;900,00;PRZELEW PRZYCHODZACY KIESZONKOWE;PLN
2026-08-01;-33,81;ZABKA Z0343 K.1 KRAKOW;PLN
2026-08-02;-10,77;ZABKA Z4361 K.1 KRAKOW;PLN
2026-08-02;-44,13;BOLT.EU/O/6203;PLN
2026-08-03;-3,99;APPLE.COM/BILL ICLOUD;PLN
2026-08-03;-89,75;PAYPO*MODIVO RATA 1/4;PLN
2026-08-03;-158,03;BIEDRONKA 8714 KRAKOW;PLN
2026-08-04;-27,02;STARBUCKS 993 KRAKOW;PLN
2026-08-04;-5,48;JAKDOJADE.PL BILET;PLN
2026-08-05;-46,86;UBER *TRIP HELP.UBER.COM;PLN
2026-08-05;-99,20;BIEDRONKA 9252 KRAKOW;PLN
2026-08-06;-23,99;SPOTIFY PQ9X7Z5A4E4 STOCKHOLM;PLN
2026-08-06;-98,71;LIDL POLSKA 8733 KRAKOW;PLN
2026-08-06;-44,80;MCDONALDS 6811 KRAKOW;PLN
2026-08-07;-46,01;BIEDRONKA 0803 KRAKOW;PLN
2026-08-08;-36,41;BLIK 8594804 PYSZNE.PL;PLN
2026-08-09;-25,58;ZABKA Z7246 K.1 KRAKOW;PLN
2026-08-09;-64,42;GLOVO*ORDER 332960 KRAKOW;PLN
2026-08-10;1650,00;PRZELEW PRZYCHODZACY STYPENDIUM SOCJALNE;PLN
2026-08-10;-77,80;LIDL POLSKA 5951 KRAKOW;PLN
2026-08-10;-38,97;BIEDRONKA 9126 KRAKOW;PLN
2026-08-11;-26,66;SUMUP *KAWIARNIA BLOK;PLN
2026-08-12;-54,09;ROSSMANN 274 KRAKOW;PLN
2026-08-12;-42,84;BOLT.EU/O/7550;PLN
2026-08-13;-5,81;ZABKA Z5370 K.1 KRAKOW;PLN
2026-08-13;-46,87;PAYU*ALLEGRO 20929580;PLN
2026-08-14;-23,99;GOOGLE *YOUTUBE MUSIC G.CO/HELPPAY#;PLN
2026-08-14;-25,84;APTEKA GEMINI KRAKOW;PLN
2026-08-15;-72,58;BLIK 5443095 PYSZNE.PL;PLN
2026-08-15;-22,08;STARBUCKS 005 KRAKOW;PLN
2026-08-15;-32,24;ZABKA Z6892 K.1 KRAKOW;PLN
2026-08-16;-4,47;JAKDOJADE.PL BILET;PLN
2026-08-17;-71,98;GLOVO*ORDER 795855 KRAKOW;PLN
2026-08-17;-23,80;BIEDRONKA 1240 KRAKOW;PLN
2026-08-18;-13,17;BOLT.EU/O/7555;PLN
2026-08-18;-44,65;BLIK PRZELEW NA TELEFON;PLN
2026-08-18;-26,02;BOLT.EU/O/8330;PLN
2026-08-19;-20,85;SUMUP *KAWIARNIA BLOK;PLN
2026-08-20;-33,00;NETFLIX.COM AMSTERDAM;PLN
2026-08-20;-138,89;BLIK PRZELEW NA TELEFON;PLN
2026-08-20;-53,38;GLOVO*ORDER 136187 KRAKOW;PLN
2026-08-22;-4,86;JAKDOJADE.PL BILET;PLN
2026-08-23;-88,01;BLIK PRZELEW NA TELEFON;PLN
2026-08-23;-18,95;ZABKA Z2805 K.1 KRAKOW;PLN
2026-08-24;-30,10;BOLT.EU/O/6415;PLN
2026-08-24;-53,76;BIEDRONKA 5851 KRAKOW;PLN
2026-08-25;-6,66;JAKDOJADE.PL BILET;PLN
2026-08-26;-66,41;STEAMGAMES.COM 7119547459;PLN
2026-08-27;-34,60;BOLT.EU/O/9371;PLN
2026-08-28;-65,51;PAYU*ALLEGRO 03578085;PLN
2026-08-28;-58,50;GLOVO*ORDER 103534 KRAKOW;PLN
2026-08-29;-52,95;UBER *TRIP HELP.UBER.COM;PLN
2026-08-29;-130,07;BIEDRONKA 7929 KRAKOW;PLN
2026-08-30;-104,62;BIEDRONKA 8573 KRAKOW;PLN
2026-08-31;-19,43;STARBUCKS 354 KRAKOW;PLN
2026-08-31;-95,60;BIEDRONKA 5188 KRAKOW;PLN
2026-09-01;-1100,00;PRZELEW CZYNSZ POKOJ;PLN
2026-09-01;900,00;PRZELEW PRZYCHODZACY KIESZONKOWE;PLN
2026-09-01;-23,88;BIEDRONKA 1592 KRAKOW;PLN
2026-09-01;-64,80;ROSSMANN 432 KRAKOW;PLN
2026-09-02;-150,08;LIDL POLSKA 6826 KRAKOW;PLN
2026-09-02;-54,39;PHU POLMAX 8351 KRAKOW;PLN
2026-09-03;-3,99;APPLE.COM/BILL ICLOUD;PLN
2026-09-03;-89,75;PAYPO*MODIVO RATA 2/4;PLN
2026-09-04;-53,36;BIEDRONKA 3658 KRAKOW;PLN
2026-09-04;-21,72;ZABKA Z7100 K.1 KRAKOW;PLN
2026-09-04;-48,19;CINEMA CITY BONARKA KRAKOW;PLN
2026-09-05;-27,48;MCDONALDS 3082 KRAKOW;PLN
2026-09-06;-23,99;SPOTIFY PN3O8T0E8O7 STOCKHOLM;PLN
2026-09-06;-71,06;BLIK 3599884 PYSZNE.PL;PLN
2026-09-06;-95,51;BLIK PRZELEW NA TELEFON;PLN
2026-09-07;-17,17;ZABKA Z2774 K.1 KRAKOW;PLN
2026-09-08;-15,66;STARBUCKS 572 KRAKOW;PLN
2026-09-09;-214,55;PAYU*ALLEGRO 09111557;PLN
2026-09-09;-106,08;PAYU*ALLEGRO 09168614;PLN
2026-09-10;1650,00;PRZELEW PRZYCHODZACY STYPENDIUM SOCJALNE;PLN
2026-09-10;-126,50;LIDL POLSKA 4555 KRAKOW;PLN
2026-09-10;-52,84;GLOVO*ORDER 499072 KRAKOW;PLN
2026-09-10;-131,67;BIEDRONKA 8374 KRAKOW;PLN
2026-09-11;-41,21;UBER *TRIP HELP.UBER.COM;PLN
2026-09-11;-47,16;GLOVO*ORDER 652029 KRAKOW;PLN
2026-09-12;-26,90;SUMUP *KAWIARNIA BLOK;PLN
2026-09-12;-42,55;LIDL POLSKA 5366 KRAKOW;PLN
2026-09-13;-7,55;ZABKA Z7623 K.1 KRAKOW;PLN
2026-09-13;-242,32;PAYU*ALLEGRO 89339380;PLN
2026-09-14;-23,99;GOOGLE *YOUTUBE MUSIC G.CO/HELPPAY#;PLN
2026-09-14;-145,35;BIEDRONKA 0342 KRAKOW;PLN
2026-09-14;-14,52;ZABKA Z2790 K.1 KRAKOW;PLN
2026-09-14;-88,91;BIEDRONKA 7184 KRAKOW;PLN
2026-09-15;-6,47;JAKDOJADE.PL BILET;PLN
2026-09-16;-160,98;LIDL POLSKA 2236 KRAKOW;PLN
2026-09-17;-20,67;SUMUP *KAWIARNIA BLOK;PLN
2026-09-18;-25,46;ZABKA Z1762 K.1 KRAKOW;PLN
2026-09-18;-68,61;GLOVO*ORDER 730568 KRAKOW;PLN
2026-09-19;-33,47;BOLT.EU/O/2185;PLN
2026-09-19;-4,69;ZABKA Z0510 K.1 KRAKOW;PLN
2026-09-20;-33,00;NETFLIX.COM AMSTERDAM;PLN
2026-09-20;-51,53;CINEMA CITY BONARKA KRAKOW;PLN
2026-09-21;-17,25;BOLT.EU/O/5953;PLN
2026-09-23;-87,31;ROSSMANN 415 KRAKOW;PLN
2026-09-23;-27,25;ZABKA Z1459 K.1 KRAKOW;PLN
2026-09-26;-29,37;STARBUCKS 061 KRAKOW;PLN
2026-09-26;-19,11;ZABKA Z1393 K.1 KRAKOW;PLN
2026-09-27;-121,99;PAYU*ALLEGRO 19116749;PLN
2026-09-28;-18,53;ZABKA Z0896 K.1 KRAKOW;PLN
2026-09-29;-16,44;ZABKA Z0646 K.1 KRAKOW;PLN
2026-09-29;-6,27;JAKDOJADE.PL BILET;PLN
2026-09-30;-3,48;JAKDOJADE.PL BILET;PLN
